<?xml version="1.0" encoding="UTF-8"?>
<module xmlns="urn:jboss:module:1.1" name="org.dcm4che.conf.dicom">
    <resources>
        <resource-root path="dcm4che-conf-dicom-3.3.9-SNAPSHOT.jar"/>
    </resources>

    <dependencies>
        <module name="javax.api"/>

        <module name="org.dcm4che.conf.core" export="true"/>
        <module name="org.dcm4che.net"/>
        <module name="org.dcm4che.conf.api"/>
        <module name="org.dcm4che.conf.api-hl7"/>

        <!-- TODO: Temporary, until we provide a way to register adapters externally -->
        <module name="org.dcm4che.audit"/>

        <module name="org.slf4j"/>

        <module name="org.apache.commons.lang"/>
    </dependencies>
</module>
